{
  "results": [
    {
      "command": "../zig-out/bin/run_bench quick",
      "mean": 1.5447602124,
      "stddev": 0.10440877465601249,
      "median": 1.523139686,
      "user": 1.4118274,
      "system": 0.12592089999999997,
      "min": 1.437613561,
      "max": 1.70966477,
      "times": [
        1.6197825780000001,
        1.691235513,
        1.558353228,
        1.70966477,
        1.59042804,
        1.466565176,
        1.487926144,
        1.447200129,
        1.438832985,
        1.437613561
      ],
      "exit_codes": [
        0,
        0,
        0,
        0,
        0,
        0,
        0,
        0,
        0,
        0
      ]
    },
    {
      "command": "../zig-out/bin/run_bench comb",
      "mean": 13.0413468833,
      "stddev": 1.279099723373814,
      "median": 12.866222391,
      "user": 12.8212029,
      "system": 0.1510542,
      "min": 11.34306795,
      "max": 15.350263951,
      "times": [
        11.34306795,
        12.090865466,
        15.074682556,
        15.350263951,
        12.941874443,
        13.223678057,
        12.894136116,
        12.745924879,
        11.910666749,
        12.838308666
      ],
      "exit_codes": [
        0,
        0,
        0,
        0,
        0,
        0,
        0,
        0,
        0,
        0
      ]
    },
    {
      "command": "../zig-out/bin/run_bench shell",
      "mean": 19.1984766179,
      "stddev": 1.26881405562375,
      "median": 19.196652286499997,
      "user": 18.9657887,
      "system": 0.15123579999999998,
      "min": 17.363184293,
      "max": 20.715565028,
      "times": [
        20.498868668,
        18.005189453,
        17.363184293,
        20.715565028,
        20.436351491,
        19.564161272,
        17.599273522,
        18.829143301,
        18.718939098,
        20.254090053
      ],
      "exit_codes": [
        0,
        0,
        0,
        0,
        0,
        0,
        0,
        0,
        0,
        0
      ]
    },
    {
      "command": "../zig-out/bin/run_bench heap",
      "mean": 18.7703537139,
      "stddev": 3.143555304617043,
      "median": 18.8901416915,
      "user": 18.501068999999994,
      "system": 0.1653501,
      "min": 15.023425896,
      "max": 23.764691023,
      "times": [
        15.237536779,
        15.023425896,
        15.214346454,
        17.138920303,
        20.784439282,
        23.764691023,
        22.71059859,
        19.568583899,
        18.211699484,
        20.049295429
      ],
      "exit_codes": [
        0,
        0,
        0,
        0,
        0,
        0,
        0,
        0,
        0,
        0
      ]
    },
    {
      "command": "../zig-out/bin/run_bench merge",
      "mean": 1.9619194323999998,
      "stddev": 0.22780283145290608,
      "median": 1.8802485785,
      "user": 1.779277,
      "system": 0.1681118,
      "min": 1.6271386730000001,
      "max": 2.288374898,
      "times": [
        2.204719083,
        1.6271386730000001,
        1.916625206,
        1.8438719510000001,
        2.288374898,
        2.154695655,
        2.192754184,
        1.824514455,
        1.771324069,
        1.79517615
      ],
      "exit_codes": [
        0,
        0,
        0,
        0,
        0,
        0,
        0,
        0,
        0,
        0
      ]
    },
    {
      "command": "../zig-out/bin/run_bench radix",
      "mean": 8.6988679203,
      "stddev": 0.7772883996602792,
      "median": 8.4368986755,
      "user": 8.2952118,
      "system": 0.3539852,
      "min": 7.511675655,
      "max": 9.856293641,
      "times": [
        7.511675655,
        8.265465193,
        9.71973447,
        9.366254001,
        9.856293641,
        9.116273277,
        7.97721579,
        8.328889375,
        8.544907976,
        8.301969825
      ],
      "exit_codes": [
        0,
        0,
        0,
        0,
        0,
        0,
        0,
        0,
        0,
        0
      ]
    },
    {
      "command": "../zig-out/bin/run_bench block_merge",
      "mean": 12.0599895914,
      "stddev": 1.4898045314849016,
      "median": 11.859908239500001,
      "user": 11.8337478,
      "system": 0.1662758,
      "min": 10.320501033,
      "max": 14.693187057,
      "times": [
        10.995477217,
        10.320501033,
        11.024516953,
        11.215842778,
        10.427872896,
        12.503973701,
        12.798106564,
        12.778092973,
        14.693187057,
        13.842324742
      ],
      "exit_codes": [
        0,
        0,
        0,
        0,
        0,
        0,
        0,
        0,
        0,
        0
      ]
    }
  ]
}
