{
  "results": [
    {
      "command": "../zig-out/bin/run_bench quick",
      "mean": 1.2569115992,
      "stddev": 0.07632381158676638,
      "median": 1.223024644,
      "user": 1.1246855,
      "system": 0.12476999999999998,
      "min": 1.2101060430000001,
      "max": 1.456908919,
      "times": [
        1.226186378,
        1.2101060430000001,
        1.216176671,
        1.267944934,
        1.21986291,
        1.234454664,
        1.305071312,
        1.2172779,
        1.215126261,
        1.456908919
      ],
      "exit_codes": [
        0,
        0,
        0,
        0,
        0,
        0,
        0,
        0,
        0,
        0
      ]
    },
    {
      "command": "../zig-out/bin/run_bench tim",
      "mean": 3.6307901121,
      "stddev": 0.09599613444435978,
      "median": 3.6465535175,
      "user": 1.7245394999999994,
      "system": 1.8888640000000003,
      "min": 3.478295126,
      "max": 3.768338608,
      "times": [
        3.768338608,
        3.490587623,
        3.478295126,
        3.732866187,
        3.6121310710000003,
        3.677791925,
        3.565742209,
        3.6445519060000002,
        3.648555129,
        3.689041337
      ],
      "exit_codes": [
        0,
        0,
        0,
        0,
        0,
        0,
        0,
        0,
        0,
        0
      ]
    },
    {
      "command": "../zig-out/bin/run_bench comb",
      "mean": 2.2811031885,
      "stddev": 0.028385631288876806,
      "median": 2.2829729835,
      "user": 2.1514257999999997,
      "system": 0.11492169999999999,
      "min": 2.227975908,
      "max": 2.3330015,
      "times": [
        2.3330015,
        2.227975908,
        2.272370344,
        2.298286977,
        2.286299762,
        2.30325444,
        2.266700799,
        2.279646205,
        2.286945586,
        2.256550364
      ],
      "exit_codes": [
        0,
        0,
        0,
        0,
        0,
        0,
        0,
        0,
        0,
        0
      ]
    },
    {
      "command": "../zig-out/bin/run_bench shell",
      "mean": 3.0582378852,
      "stddev": 0.14383834302036025,
      "median": 2.9936418545,
      "user": 2.9291437,
      "system": 0.11356669999999998,
      "min": 2.9080129450000003,
      "max": 3.294251626,
      "times": [
        2.9492533180000002,
        3.01677167,
        3.092746532,
        3.227434103,
        3.233404104,
        3.294251626,
        2.929287163,
        2.9080129450000003,
        2.970512039,
        2.960705352
      ],
      "exit_codes": [
        0,
        0,
        0,
        0,
        0,
        0,
        0,
        0,
        0,
        0
      ]
    },
    {
      "command": "../zig-out/bin/run_bench heap",
      "mean": 3.8238440740999997,
      "stddev": 0.042501559592343266,
      "median": 3.8222864665,
      "user": 3.684414399999999,
      "system": 0.1169306,
      "min": 3.763681066,
      "max": 3.891087805,
      "times": [
        3.868496827,
        3.810978703,
        3.825217747,
        3.7715639210000003,
        3.891087805,
        3.763681066,
        3.870783307,
        3.823546984,
        3.821025949,
        3.792058432
      ],
      "exit_codes": [
        0,
        0,
        0,
        0,
        0,
        0,
        0,
        0,
        0,
        0
      ]
    },
    {
      "command": "../zig-out/bin/run_bench radix",
      "mean": 1.4598489744,
      "stddev": 0.0942702193760518,
      "median": 1.4772666425,
      "user": 1.1535225,
      "system": 0.2976173,
      "min": 1.307493226,
      "max": 1.592313834,
      "times": [
        1.487496286,
        1.307493226,
        1.339145774,
        1.504897878,
        1.467036999,
        1.51158107,
        1.39910044,
        1.414057064,
        1.575367173,
        1.592313834
      ],
      "exit_codes": [
        0,
        0,
        0,
        0,
        0,
        0,
        0,
        0,
        0,
        0
      ]
    },
    {
      "command": "../zig-out/bin/run_bench std_block_merge",
      "mean": 1.865235513,
      "stddev": 0.08058204610069922,
      "median": 1.8258640640000001,
      "user": 1.7342261999999997,
      "system": 0.12040239999999999,
      "min": 1.806574362,
      "max": 2.054789258,
      "times": [
        1.932270543,
        2.054789258,
        1.923436689,
        1.8234590750000002,
        1.827942813,
        1.8302003130000002,
        1.8199071450000002,
        1.806574362,
        1.823785315,
        1.809989617
      ],
      "exit_codes": [
        0,
        0,
        0,
        0,
        0,
        0,
        0,
        0,
        0,
        0
      ]
    },
    {
      "command": "../zig-out/bin/run_bench merge",
      "mean": 78.80091500889999,
      "stddev": 0.3018517680455828,
      "median": 78.7596666335,
      "user": 16.932243899999996,
      "system": 61.66123639999999,
      "min": 78.447137606,
      "max": 79.507871712,
      "times": [
        78.737542222,
        78.781791045,
        78.734610942,
        79.507871712,
        78.5749775,
        78.817308838,
        78.502658394,
        78.952317179,
        78.447137606,
        78.952934651
      ],
      "exit_codes": [
        0,
        0,
        0,
        0,
        0,
        0,
        0,
        0,
        0,
        0
      ]
    }
  ]
}
